{
  "name" : "job-1559133182053",
  "sourceOrgId" : "1EtWPx0lOuxdj09NWU1TIy",
  "sourceOrgName" : "Asurion Corporation",
  "exportedObjects" : [ {
    "objectGuid" : "4dAJiBnzNqxfmlagi0C5Qd",
    "objectName" : "DEVDW_TEST",
    "objectType" : "Connection",
    "path" : "/SYS",
    "metadata" : {
      "modelVersion" : {
        "major" : 0,
        "minor" : 0
      },
      "repoInfo" : {
        "repoHandle" : "0011O40B0000000000E3"
      },
      "objectRefs" : [ "7tRaWhIyM5hkr9OcRXPaek" ],
      "contextAttributes" : [ {
        "name" : "id",
        "value" : "@1"
      } ],
      "additionalInfo" : {
        "description" : null,
        "contentType" : "JSON",
        "documentState" : "VALID"
      }
    }
  }, {
    "objectGuid" : "289eeAUBVoMgoiySju2q6A",
    "objectName" : "m_ORCL_TEST_2",
    "objectType" : "DTEMPLATE",
    "path" : "/Explore/Asurion_Retail/ODHRTL",
    "metadata" : {
      "modelVersion" : {
        "major" : 0,
        "minor" : 0
      },
      "repoInfo" : {
        "repoHandle" : "0011O4170000000005Z6"
      },
      "objectRefs" : [ "4dAJiBnzNqxfmlagi0C5Qd" ],
      "contextAttributes" : [ {
        "name" : "id",
        "value" : "@1"
      } ],
      "additionalInfo" : {
        "description" : "",
        "contentType" : "JSON",
        "documentState" : "VALID"
      }
    }
  }, {
    "objectGuid" : "aDBwutCOml5jwpWpmiEY2N",
    "objectName" : "ODHRTL",
    "objectType" : "Folder",
    "path" : "/Explore/Asurion_Retail",
    "metadata" : {
      "modelVersion" : {
        "major" : 0,
        "minor" : 0
      },
      "repoInfo" : null,
      "objectRefs" : [ ],
      "contextAttributes" : [ ],
      "additionalInfo" : {
        "description" : "This is for ODHRTL project only",
        "contentType" : "Binary",
        "documentState" : "COMPLETE"
      }
    }
  }, {
    "objectGuid" : "8eksEPjaculbvwGUE5kJiH",
    "objectName" : "mc_ORCL_TEST2",
    "objectType" : "MTT",
    "path" : "/Explore/Asurion_Retail/ODHRTL",
    "metadata" : {
      "modelVersion" : {
        "major" : 0,
        "minor" : 0
      },
      "repoInfo" : {
        "repoHandle" : "0011O40Z000000000K0H"
      },
      "objectRefs" : [ "289eeAUBVoMgoiySju2q6A", "4dAJiBnzNqxfmlagi0C5Qd", "7tRaWhIyM5hkr9OcRXPaek" ],
      "contextAttributes" : [ {
        "name" : "id",
        "value" : "@1"
      } ],
      "additionalInfo" : {
        "description" : "",
        "contentType" : "JSON",
        "documentState" : "VALID"
      }
    }
  }, {
    "objectGuid" : "89vmt4IVJ6tiaGMtwye3S1",
    "objectName" : "Asurion_Retail",
    "objectType" : "Project",
    "path" : "/Explore",
    "metadata" : {
      "modelVersion" : {
        "major" : 0,
        "minor" : 0
      },
      "repoInfo" : null,
      "objectRefs" : [ ],
      "contextAttributes" : [ ],
      "additionalInfo" : {
        "description" : "This Folder is for Retail projects only.",
        "contentType" : "Binary",
        "documentState" : "COMPLETE"
      }
    }
  }, {
    "objectGuid" : "7tRaWhIyM5hkr9OcRXPaek",
    "objectName" : "Asurion_DEV",
    "objectType" : "AgentGroup",
    "path" : "/SYS",
    "metadata" : {
      "modelVersion" : {
        "major" : 0,
        "minor" : 0
      },
      "repoInfo" : {
        "repoHandle" : "0011O425000000000002"
      },
      "objectRefs" : [ ],
      "contextAttributes" : [ {
        "name" : "id",
        "value" : "@1"
      } ],
      "additionalInfo" : {
        "description" : null,
        "contentType" : "JSON",
        "documentState" : "VALID"
      }
    }
  } ]
}