{
  "name" : "job-1565094449245",
  "sourceOrgId" : "hbxeF9R4dybkKKKpx8Cnyn",
  "sourceOrgName" : "TEK Systems",
  "exportedObjects" : [ {
    "objectGuid" : "03WPwqYhD8MlEjEZ0jq325",
    "objectName" : "DEVDW_TEST",
    "objectType" : "Connection",
    "path" : "/SYS",
    "metadata" : {
      "modelVersion" : {
        "major" : 0,
        "minor" : 0
      },
      "repoInfo" : {
        "repoHandle" : "0105GS0B000000000002"
      },
      "objectRefs" : [ "8wiCQQnGz0DdE8XA2RG1GN" ],
      "contextAttributes" : [ {
        "name" : "id",
        "value" : "@1"
      } ],
      "additionalInfo" : {
        "description" : null,
        "contentType" : "JSON",
        "documentState" : "COMPLETE"
      }
    }
  }, {
    "objectGuid" : "4CLLb2loiYFjIUVjhC1dS0",
    "objectName" : "Asurion_Retail",
    "objectType" : "Project",
    "path" : "/Explore",
    "metadata" : {
      "modelVersion" : {
        "major" : 0,
        "minor" : 0
      },
      "repoInfo" : null,
      "objectRefs" : [ ],
      "contextAttributes" : [ ],
      "additionalInfo" : {
        "description" : "This Folder is for Retail projects only.",
        "contentType" : "Binary",
        "documentState" : "COMPLETE"
      }
    }
  }, {
    "objectGuid" : "4wLeRrshjC4f0trmfXDIcE",
    "objectName" : "m_ORCL_test",
    "objectType" : "DTEMPLATE",
    "path" : "/Explore/Asurion_Retail/ODHRTL",
    "metadata" : {
      "modelVersion" : {
        "major" : 0,
        "minor" : 0
      },
      "repoInfo" : {
        "repoHandle" : "0105GS17000000000002"
      },
      "objectRefs" : [ "03WPwqYhD8MlEjEZ0jq325" ],
      "contextAttributes" : [ {
        "name" : "id",
        "value" : "@1"
      } ],
      "additionalInfo" : {
        "description" : "",
        "contentType" : "JSON",
        "documentState" : "VALID"
      }
    }
  }, {
    "objectGuid" : "8wiCQQnGz0DdE8XA2RG1GN",
    "objectName" : "Asurion_DEV",
    "objectType" : "AgentGroup",
    "path" : "/SYS",
    "metadata" : {
      "modelVersion" : {
        "major" : 0,
        "minor" : 0
      },
      "repoInfo" : {
        "repoHandle" : "0105GS25000000000002"
      },
      "objectRefs" : [ ],
      "contextAttributes" : [ {
        "name" : "id",
        "value" : "@1"
      } ],
      "additionalInfo" : {
        "description" : null,
        "contentType" : "JSON",
        "documentState" : "VALID"
      }
    }
  }, {
    "objectGuid" : "8bZycDfPRnWfwpdt23NlS6",
    "objectName" : "ODHRTL",
    "objectType" : "Folder",
    "path" : "/Explore/Asurion_Retail",
    "metadata" : {
      "modelVersion" : {
        "major" : 0,
        "minor" : 0
      },
      "repoInfo" : null,
      "objectRefs" : [ ],
      "contextAttributes" : [ ],
      "additionalInfo" : {
        "description" : "This is for ODHRTL project only",
        "contentType" : "Binary",
        "documentState" : "COMPLETE"
      }
    }
  }, {
    "objectGuid" : "17mF3kVqVtgbd7Dv1GZzYy",
    "objectName" : "mc_ORCL_test",
    "objectType" : "MTT",
    "path" : "/Explore/Asurion_Retail/ODHRTL",
    "metadata" : {
      "modelVersion" : {
        "major" : 0,
        "minor" : 0
      },
      "repoInfo" : {
        "repoHandle" : "0105GS0Z000000000002"
      },
      "objectRefs" : [ "03WPwqYhD8MlEjEZ0jq325", "4wLeRrshjC4f0trmfXDIcE", "8wiCQQnGz0DdE8XA2RG1GN" ],
      "contextAttributes" : [ {
        "name" : "id",
        "value" : "@1"
      } ],
      "additionalInfo" : {
        "description" : "",
        "contentType" : "JSON",
        "documentState" : "VALID"
      }
    }
  } ]
}